,IP Address,Port,Code,Country,Anonymity,Google,Https,Last Checked
0,200.89.178.230,8080.0,AR,Argentina,anonymous,no,no,6 seconds ago
1,45.137.217.27,80.0,DE,Germany,anonymous,no,no,6 seconds ago
2,169.57.157.146,8123.0,BR,Brazil,elite proxy,no,no,6 seconds ago
3,200.89.178.218,3128.0,AR,Argentina,anonymous,no,no,6 seconds ago
4,200.89.178.213,3128.0,AR,Argentina,anonymous,no,no,6 seconds ago
5,200.89.174.64,8080.0,AR,Argentina,anonymous,no,no,6 seconds ago
6,47.75.11.94,8080.0,HK,Hong Kong,anonymous,no,no,6 seconds ago
7,94.130.20.85,31288.0,DE,Germany,anonymous,no,no,6 seconds ago
8,51.79.51.43,8080.0,CA,Canada,anonymous,no,no,6 seconds ago
9,159.138.20.247,80.0,HK,Hong Kong,anonymous,no,no,6 seconds ago
10,139.59.53.106,8080.0,IN,India,anonymous,no,no,6 seconds ago
11,200.89.178.228,3128.0,AR,Argentina,anonymous,no,no,6 seconds ago
12,200.89.178.212,80.0,AR,Argentina,anonymous,no,no,6 seconds ago
13,103.28.121.58,80.0,BD,Bangladesh,anonymous,no,yes,6 seconds ago
14,200.89.178.210,8080.0,AR,Argentina,anonymous,no,no,6 seconds ago
15,200.89.178.182,80.0,AR,Argentina,anonymous,no,no,6 seconds ago
16,200.89.178.216,80.0,AR,Argentina,anonymous,no,no,6 seconds ago
17,200.89.159.240,80.0,AR,Argentina,anonymous,no,no,6 seconds ago
18,81.23.32.47,443.0,FR,France,anonymous,no,yes,6 seconds ago
19,138.68.173.29,3128.0,GB,United Kingdom,anonymous,no,no,6 seconds ago
20,169.57.157.148,80.0,BR,Brazil,elite proxy,no,no,6 seconds ago
21,138.197.145.103,8080.0,CA,Canada,anonymous,no,no,6 seconds ago
22,203.202.245.58,80.0,BD,Bangladesh,anonymous,no,no,6 seconds ago
23,200.89.178.241,8080.0,AR,Argentina,anonymous,no,no,6 seconds ago
24,200.89.178.214,3128.0,AR,Argentina,anonymous,no,no,6 seconds ago
25,181.30.28.12,3128.0,AR,Argentina,anonymous,no,no,6 seconds ago
26,200.89.178.219,80.0,AR,Argentina,anonymous,no,no,6 seconds ago
27,181.30.28.14,3128.0,AR,Argentina,anonymous,no,no,6 seconds ago
28,92.222.180.156,8080.0,FR,France,anonymous,no,no,6 seconds ago
29,138.197.157.45,8080.0,CA,Canada,anonymous,no,no,6 seconds ago
30,36.70.93.211,8080.0,ID,Indonesia,anonymous,no,no,6 seconds ago
31,131.100.148.147,8080.0,BR,Brazil,anonymous,no,yes,6 seconds ago
32,144.76.134.116,80.0,DE,Germany,anonymous,no,no,6 seconds ago
33,185.134.23.173,80.0,GB,United Kingdom,anonymous,no,no,6 seconds ago
34,200.198.55.190,8080.0,BR,Brazil,anonymous,no,yes,6 seconds ago
35,47.75.32.210,1080.0,HK,Hong Kong,anonymous,no,no,6 seconds ago
36,88.198.50.103,8080.0,DE,Germany,anonymous,no,no,6 seconds ago
37,103.89.3.242,80.0,ID,Indonesia,anonymous,no,no,6 seconds ago
38,207.154.231.212,8080.0,DE,Germany,anonymous,no,no,6 seconds ago
39,200.89.178.217,8080.0,AR,Argentina,anonymous,no,no,6 seconds ago
40,203.19.88.59,80.0,AU,Australia,anonymous,no,no,6 seconds ago
41,203.19.92.3,80.0,AU,Australia,anonymous,no,no,6 seconds ago
42,139.180.163.43,8080.0,AU,Australia,anonymous,no,no,6 seconds ago
43,159.8.114.37,8123.0,FR,France,elite proxy,no,no,6 seconds ago
44,139.59.59.63,8080.0,IN,India,anonymous,no,no,6 seconds ago
45,203.19.88.51,80.0,AU,Australia,anonymous,no,no,6 seconds ago
46,176.9.75.42,8080.0,DE,Germany,anonymous,no,no,6 seconds ago
47,138.197.157.44,8080.0,CA,Canada,anonymous,no,no,6 seconds ago
48,144.217.163.138,8080.0,CA,Canada,anonymous,no,no,6 seconds ago
49,139.59.62.255,3128.0,IN,India,anonymous,no,no,6 seconds ago
50,194.26.180.142,80.0,DE,Germany,anonymous,no,no,6 seconds ago
51,159.8.114.34,8123.0,FR,France,elite proxy,no,no,6 seconds ago
52,139.59.61.229,8080.0,IN,India,anonymous,no,no,6 seconds ago
53,113.252.95.19,8197.0,HK,Hong Kong,anonymous,no,no,6 seconds ago
54,36.76.22.35,8080.0,ID,Indonesia,elite proxy,no,yes,6 seconds ago
55,139.59.64.9,8080.0,IN,India,anonymous,no,no,6 seconds ago
56,176.9.119.170,8080.0,DE,Germany,anonymous,no,no,6 seconds ago
57,138.68.165.154,3128.0,GB,United Kingdom,anonymous,no,no,6 seconds ago
58,157.119.57.90,8080.0,ID,Indonesia,anonymous,no,no,6 seconds ago
59,47.52.114.248,443.0,HK,Hong Kong,anonymous,no,no,6 seconds ago
60,47.75.110.63,1080.0,HK,Hong Kong,anonymous,no,no,6 seconds ago
61,46.4.96.137,3128.0,DE,Germany,anonymous,no,no,6 seconds ago
62,159.138.1.185,80.0,HK,Hong Kong,anonymous,no,no,6 seconds ago
63,139.59.53.105,3128.0,IN,India,anonymous,no,no,6 seconds ago
64,47.52.231.140,8080.0,HK,Hong Kong,anonymous,no,no,6 seconds ago
65,138.197.157.32,8080.0,CA,Canada,anonymous,no,no,6 seconds ago
66,190.211.151.14,8080.0,AR,Argentina,anonymous,no,no,6 seconds ago
67,207.154.231.213,8080.0,DE,Germany,anonymous,no,no,6 seconds ago
68,185.186.77.244,80.0,GB,United Kingdom,anonymous,no,no,6 seconds ago
69,194.167.44.91,80.0,FR,France,anonymous,no,no,6 seconds ago
70,159.138.5.222,80.0,HK,Hong Kong,anonymous,no,no,6 seconds ago
71,139.59.169.246,8080.0,GB,United Kingdom,anonymous,no,no,6 seconds ago
72,138.68.161.60,8080.0,GB,United Kingdom,anonymous,no,no,6 seconds ago
73,68.183.75.95,80.0,DE,Germany,anonymous,no,no,6 seconds ago
74,192.117.146.110,80.0,IL,Israel,anonymous,no,no,6 seconds ago
75,207.154.231.217,3128.0,DE,Germany,anonymous,no,no,6 seconds ago
76,185.134.23.171,80.0,GB,United Kingdom,anonymous,no,no,6 seconds ago
77,200.89.178.231,8080.0,AR,Argentina,anonymous,no,no,6 seconds ago
78,176.9.51.81,80.0,DE,Germany,anonymous,no,no,6 seconds ago
79,189.43.68.168,80.0,BR,Brazil,anonymous,no,no,6 seconds ago
80,88.198.24.108,8080.0,DE,Germany,anonymous,no,no,6 seconds ago
81,200.89.178.208,3128.0,AR,Argentina,anonymous,no,no,6 seconds ago
82,200.89.178.209,8080.0,AR,Argentina,anonymous,no,no,6 seconds ago
83,190.186.76.19,8197.0,BO,Bolivia,anonymous,no,no,6 seconds ago
84,138.122.140.35,3128.0,BR,Brazil,anonymous,no,no,6 seconds ago
85,177.46.148.142,3128.0,BR,Brazil,anonymous,no,yes,6 seconds ago
86,189.43.68.174,80.0,BR,Brazil,anonymous,no,no,6 seconds ago
87,207.154.231.211,3128.0,DE,Germany,anonymous,no,no,6 seconds ago
88,207.154.231.216,3128.0,DE,Germany,anonymous,no,no,6 seconds ago
89,138.68.161.14,3128.0,GB,United Kingdom,anonymous,no,no,6 seconds ago
90,159.65.151.96,8080.0,IN,India,anonymous,no,no,6 seconds ago
91,117.198.97.220,80.0,IN,India,anonymous,no,no,6 seconds ago
92,103.66.47.97,8080.0,ID,Indonesia,anonymous,no,no,6 seconds ago
93,200.255.122.170,8080.0,BR,Brazil,anonymous,no,yes,6 seconds ago
94,139.59.53.107,3128.0,IN,India,anonymous,no,no,6 seconds ago
95,138.197.157.60,3128.0,CA,Canada,anonymous,no,no,6 seconds ago
96,23.101.2.247,81.0,HK,Hong Kong,anonymous,no,no,6 seconds ago
97,200.89.178.229,8080.0,AR,Argentina,anonymous,no,no,6 seconds ago
98,103.49.221.27,8080.0,ID,Indonesia,anonymous,no,no,6 seconds ago
99,200.89.178.225,8080.0,AR,Argentina,anonymous,no,no,6 seconds ago
100,103.31.251.25,8080.0,ID,Indonesia,transparent,no,no,5 minutes ago
101,36.91.44.243,37927.0,ID,Indonesia,elite proxy,no,yes,11 minutes ago
102,178.219.171.43,45637.0,UA,Ukraine,elite proxy,no,yes,11 minutes ago
103,64.227.63.204,8118.0,US,United States,elite proxy,no,yes,11 minutes ago
104,124.41.211.153,47411.0,NP,Nepal,elite proxy,no,yes,11 minutes ago
105,103.68.18.118,8080.0,IN,India,elite proxy,no,yes,11 minutes ago
106,41.72.203.66,38064.0,KE,Kenya,anonymous,no,yes,11 minutes ago
107,195.88.16.155,36141.0,RU,Russian Federation,elite proxy,no,yes,11 minutes ago
108,47.74.38.43,8118.0,JP,Japan,elite proxy,no,yes,11 minutes ago
109,154.66.240.106,38631.0,KE,Kenya,elite proxy,no,yes,11 minutes ago
110,150.107.207.137,61954.0,NP,Nepal,elite proxy,no,yes,11 minutes ago
111,189.204.242.178,8080.0,MX,Mexico,elite proxy,no,yes,11 minutes ago
112,185.189.253.21,56630.0,RU,Russian Federation,elite proxy,no,yes,11 minutes ago
113,185.37.213.76,30695.0,ES,Spain,elite proxy,no,yes,11 minutes ago
114,77.242.16.26,53281.0,AL,Albania,elite proxy,no,yes,11 minutes ago
115,103.15.167.124,41787.0,BD,Bangladesh,elite proxy,no,yes,11 minutes ago
116,182.16.171.1,53281.0,ID,Indonesia,elite proxy,no,yes,11 minutes ago
117,182.48.82.94,23500.0,BD,Bangladesh,anonymous,no,yes,11 minutes ago
118,200.152.78.48,38543.0,BR,Brazil,elite proxy,no,yes,11 minutes ago
119,200.186.54.17,58855.0,BR,Brazil,elite proxy,no,yes,11 minutes ago
120,118.175.93.148,42409.0,TH,Thailand,anonymous,no,yes,11 minutes ago
121,200.105.215.18,33630.0,BO,Bolivia,elite proxy,no,yes,11 minutes ago
122,212.90.168.150,52589.0,UA,Ukraine,elite proxy,no,yes,11 minutes ago
123,94.41.208.146,8080.0,RU,Russian Federation,anonymous,no,yes,11 minutes ago
124,207.144.111.230,8080.0,US,United States,anonymous,no,yes,11 minutes ago
125,125.27.22.120,8213.0,TH,Thailand,anonymous,no,yes,11 minutes ago
126,187.16.43.242,38278.0,BR,Brazil,elite proxy,no,yes,11 minutes ago
127,95.170.208.42,8080.0,IQ,Iraq,anonymous,no,yes,11 minutes ago
128,31.192.142.38,53281.0,RU,Russian Federation,anonymous,no,yes,11 minutes ago
129,103.6.184.250,32374.0,IN,India,elite proxy,no,yes,11 minutes ago
130,182.52.51.47,41146.0,TH,Thailand,elite proxy,no,yes,11 minutes ago
131,186.47.17.70,40437.0,EC,Ecuador,elite proxy,no,yes,11 minutes ago
132,103.42.195.70,53281.0,IN,India,elite proxy,no,yes,11 minutes ago
133,157.119.118.122,45653.0,IN,India,elite proxy,no,yes,11 minutes ago
134,45.221.73.70,52904.0,UG,Uganda,elite proxy,no,yes,11 minutes ago
135,46.241.120.230,32412.0,RU,Russian Federation,elite proxy,no,yes,11 minutes ago
136,1.179.149.97,53243.0,TH,Thailand,elite proxy,no,yes,11 minutes ago
137,108.61.186.207,8080.0,JP,Japan,anonymous,no,yes,11 minutes ago
138,94.130.125.218,1080.0,DE,Germany,elite proxy,no,yes,11 minutes ago
139,148.251.200.196,1080.0,DE,Germany,elite proxy,no,yes,11 minutes ago
140,194.35.114.7,8118.0,NL,Netherlands,elite proxy,no,yes,11 minutes ago
141,83.13.164.202,49185.0,PL,Poland,elite proxy,no,yes,11 minutes ago
142,87.255.70.183,8080.0,MD,"Moldova, Republic of",elite proxy,no,yes,11 minutes ago
143,181.198.97.241,30072.0,EC,Ecuador,elite proxy,no,yes,11 minutes ago
144,117.242.147.73,46827.0,IN,India,elite proxy,no,yes,11 minutes ago
145,112.78.169.98,36963.0,ID,Indonesia,elite proxy,no,yes,11 minutes ago
146,116.203.159.231,8118.0,DE,Germany,elite proxy,no,yes,11 minutes ago
147,118.174.196.112,36314.0,TH,Thailand,elite proxy,no,yes,11 minutes ago
148,190.7.141.66,30900.0,CO,Colombia,elite proxy,no,yes,11 minutes ago
149,36.89.243.187,39796.0,ID,Indonesia,elite proxy,no,yes,11 minutes ago
150,165.98.53.38,35332.0,NI,Nicaragua,elite proxy,no,yes,11 minutes ago
151,117.58.241.222,34208.0,BD,Bangladesh,elite proxy,no,yes,11 minutes ago
152,45.71.108.18,46114.0,BR,Brazil,elite proxy,no,yes,11 minutes ago
153,185.104.252.9,9090.0,LB,Lebanon,elite proxy,no,yes,11 minutes ago
154,103.209.178.208,30004.0,IN,India,elite proxy,no,yes,11 minutes ago
155,180.183.107.247,8213.0,TH,Thailand,anonymous,no,yes,11 minutes ago
156,109.232.106.236,47524.0,RU,Russian Federation,elite proxy,no,yes,11 minutes ago
157,176.226.242.231,8080.0,RU,Russian Federation,elite proxy,no,yes,11 minutes ago
158,90.183.101.238,43511.0,CZ,Czech Republic,elite proxy,no,yes,11 minutes ago
159,175.100.16.20,37725.0,KH,Cambodia,anonymous,no,yes,11 minutes ago
160,154.118.52.242,51667.0,NG,Nigeria,elite proxy,no,yes,11 minutes ago
161,176.62.185.72,45277.0,RU,Russian Federation,elite proxy,no,yes,11 minutes ago
162,1.20.97.4,52237.0,TH,Thailand,elite proxy,no,yes,11 minutes ago
163,82.209.235.60,3128.0,BY,Belarus,elite proxy,no,yes,11 minutes ago
164,178.76.69.132,45014.0,MD,"Moldova, Republic of",elite proxy,no,yes,11 minutes ago
165,185.131.60.103,53281.0,CZ,Czech Republic,elite proxy,no,yes,11 minutes ago
166,94.158.165.19,45915.0,RU,Russian Federation,elite proxy,no,yes,11 minutes ago
167,194.135.75.74,55716.0,RU,Russian Federation,elite proxy,no,yes,11 minutes ago
168,103.9.188.229,36984.0,KH,Cambodia,elite proxy,no,yes,11 minutes ago
169,1.179.206.161,59033.0,TH,Thailand,elite proxy,no,yes,11 minutes ago
170,158.140.167.148,53281.0,ID,Indonesia,elite proxy,no,yes,11 minutes ago
171,85.172.12.245,8118.0,RU,Russian Federation,elite proxy,no,yes,11 minutes ago
172,117.2.17.26,53281.0,VN,Vietnam,anonymous,no,yes,11 minutes ago
173,5.9.218.110,1080.0,DE,Germany,elite proxy,no,yes,11 minutes ago
174,185.175.95.46,49065.0,UA,Ukraine,elite proxy,no,yes,11 minutes ago
175,1.32.59.217,58451.0,MY,Malaysia,elite proxy,no,yes,11 minutes ago
176,110.5.100.130,60996.0,ID,Indonesia,elite proxy,no,yes,11 minutes ago
177,190.97.209.74,60999.0,CO,Colombia,elite proxy,no,yes,11 minutes ago
178,77.66.203.114,33097.0,RU,Russian Federation,anonymous,no,yes,11 minutes ago
179,118.173.233.150,35963.0,TH,Thailand,elite proxy,no,yes,11 minutes ago
180,103.70.162.182,8080.0,IN,India,elite proxy,no,yes,11 minutes ago
181,103.78.213.226,45075.0,ID,Indonesia,elite proxy,no,yes,11 minutes ago
182,103.36.81.19,49654.0,IN,India,elite proxy,no,no,11 minutes ago
183,36.85.62.167,3128.0,ID,Indonesia,elite proxy,no,no,11 minutes ago
184,134.209.87.254,8118.0,NL,Netherlands,elite proxy,no,no,11 minutes ago
185,124.41.211.188,59775.0,NP,Nepal,elite proxy,no,yes,11 minutes ago
186,27.147.136.178,47678.0,BD,Bangladesh,elite proxy,no,yes,11 minutes ago
187,103.21.42.58,23500.0,BD,Bangladesh,elite proxy,no,no,11 minutes ago
188,45.7.238.250,30980.0,HN,Honduras,elite proxy,no,no,11 minutes ago
189,182.23.81.82,3128.0,ID,Indonesia,elite proxy,no,no,11 minutes ago
190,91.215.176.237,8080.0,BY,Belarus,transparent,no,no,11 minutes ago
191,180.87.195.22,83.0,IN,India,elite proxy,no,yes,11 minutes ago
192,36.89.229.97,35098.0,ID,Indonesia,elite proxy,no,no,11 minutes ago
193,36.89.193.169,49612.0,ID,Indonesia,elite proxy,no,no,11 minutes ago
194,202.136.88.58,38210.0,BD,Bangladesh,elite proxy,no,no,11 minutes ago
195,103.61.101.74,30415.0,IN,India,elite proxy,no,no,11 minutes ago
196,36.37.73.254,8080.0,ID,Indonesia,elite proxy,no,no,11 minutes ago
197,103.9.134.254,65301.0,BD,Bangladesh,transparent,no,no,11 minutes ago
198,200.150.86.138,44677.0,BR,Brazil,elite proxy,no,yes,11 minutes ago
199,200.150.86.130,3128.0,BR,Brazil,anonymous,no,no,11 minutes ago
200,58.162.229.173,51536.0,AU,Australia,elite proxy,no,yes,11 minutes ago
201,95.0.66.12,9090.0,TR,Turkey,transparent,no,no,13 minutes ago
202,114.129.18.234,3128.0,ID,Indonesia,transparent,no,no,13 minutes ago
203,36.76.82.21,3128.0,ID,Indonesia,transparent,no,no,13 minutes ago
204,152.169.211.212,80.0,AR,Argentina,transparent,no,no,13 minutes ago
205,103.140.74.10,8080.0,ID,Indonesia,transparent,no,no,13 minutes ago
206,94.154.16.80,8080.0,PL,Poland,transparent,no,no,13 minutes ago
207,89.250.19.173,8080.0,RU,Russian Federation,transparent,no,no,13 minutes ago
208,101.255.116.61,8080.0,ID,Indonesia,transparent,no,no,13 minutes ago
209,103.130.172.98,8080.0,BD,Bangladesh,transparent,no,no,13 minutes ago
210,103.46.233.45,83.0,IN,India,transparent,no,no,13 minutes ago
211,196.2.11.143,53281.0,BI,Burundi,transparent,no,no,13 minutes ago
212,125.26.72.238,8080.0,TH,Thailand,transparent,no,no,13 minutes ago
213,202.53.87.62,8080.0,IN,India,transparent,no,no,13 minutes ago
214,110.78.175.147,8080.0,TH,Thailand,transparent,no,no,13 minutes ago
215,85.62.10.83,8080.0,ES,Spain,transparent,no,no,13 minutes ago
216,177.73.49.25,8080.0,BR,Brazil,transparent,no,no,13 minutes ago
217,117.240.175.51,3128.0,IN,India,transparent,no,no,13 minutes ago
218,130.193.124.174,8080.0,AM,Armenia,transparent,no,no,13 minutes ago
219,94.28.57.100,8080.0,RU,Russian Federation,transparent,no,no,13 minutes ago
220,139.255.96.134,53281.0,ID,Indonesia,transparent,no,no,21 minutes ago
221,74.113.169.129,47208.0,US,United States,elite proxy,no,no,21 minutes ago
222,119.82.253.175,31500.0,KH,Cambodia,elite proxy,no,no,21 minutes ago
223,185.5.19.234,52975.0,RU,Russian Federation,elite proxy,no,no,21 minutes ago
224,165.16.3.153,53281.0,LY,Libya,elite proxy,no,yes,21 minutes ago
225,217.145.150.19,42191.0,RU,Russian Federation,elite proxy,no,no,21 minutes ago
226,196.1.184.6,53791.0,NG,Nigeria,elite proxy,no,no,21 minutes ago
227,103.57.70.248,52000.0,IN,India,elite proxy,no,no,21 minutes ago
228,195.9.61.22,37489.0,RU,Russian Federation,elite proxy,no,no,21 minutes ago
229,125.25.54.65,49091.0,TH,Thailand,elite proxy,no,yes,21 minutes ago
230,189.206.166.12,60002.0,MX,Mexico,elite proxy,no,yes,21 minutes ago
231,142.93.150.47,8118.0,CA,Canada,elite proxy,no,no,21 minutes ago
232,36.89.190.57,54461.0,ID,Indonesia,elite proxy,no,yes,21 minutes ago
233,114.57.185.12,60115.0,ID,Indonesia,elite proxy,no,no,21 minutes ago
234,82.135.148.201,8081.0,LT,Lithuania,elite proxy,no,yes,21 minutes ago
235,5.160.72.146,55206.0,IR,Iran,elite proxy,no,no,21 minutes ago
236,94.101.141.125,8080.0,IR,Iran,anonymous,no,yes,21 minutes ago
237,177.86.158.102,38500.0,BR,Brazil,elite proxy,no,no,21 minutes ago
238,206.189.168.180,8118.0,US,United States,elite proxy,no,yes,21 minutes ago
239,118.174.232.44,38093.0,TH,Thailand,elite proxy,no,no,21 minutes ago
240,103.250.152.22,52572.0,IN,India,elite proxy,no,no,21 minutes ago
241,89.22.17.62,61616.0,RU,Russian Federation,elite proxy,no,yes,21 minutes ago
242,91.205.131.110,48245.0,RU,Russian Federation,elite proxy,no,yes,21 minutes ago
243,187.141.164.242,31120.0,MX,Mexico,elite proxy,no,no,21 minutes ago
244,46.209.24.41,8080.0,IR,Iran,anonymous,no,yes,21 minutes ago
245,46.20.59.243,47497.0,PL,Poland,elite proxy,no,no,21 minutes ago
246,118.173.233.151,40025.0,TH,Thailand,elite proxy,no,no,21 minutes ago
247,86.110.189.118,56710.0,RU,Russian Federation,elite proxy,no,yes,21 minutes ago
248,103.126.149.98,8080.0,BD,Bangladesh,anonymous,no,no,21 minutes ago
249,103.216.82.18,6666.0,IN,India,elite proxy,no,yes,21 minutes ago
250,182.53.206.47,47592.0,TH,Thailand,elite proxy,no,no,21 minutes ago
251,95.65.73.200,43686.0,MD,"Moldova, Republic of",elite proxy,no,no,21 minutes ago
252,177.67.217.30,61416.0,BR,Brazil,elite proxy,no,no,21 minutes ago
253,181.191.106.126,43716.0,BR,Brazil,elite proxy,no,yes,21 minutes ago
254,87.247.19.126,53353.0,KZ,Kazakhstan,elite proxy,no,no,21 minutes ago
255,46.183.56.107,49725.0,CZ,Czech Republic,elite proxy,no,no,21 minutes ago
256,80.106.247.145,53410.0,GR,Greece,elite proxy,no,yes,21 minutes ago
257,103.18.79.209,8080.0,ID,Indonesia,elite proxy,no,no,21 minutes ago
258,210.5.106.202,37020.0,PH,Philippines,elite proxy,no,yes,21 minutes ago
259,1.186.40.177,54754.0,IN,India,elite proxy,no,no,21 minutes ago
260,92.114.234.206,46685.0,MD,"Moldova, Republic of",elite proxy,no,yes,21 minutes ago
261,1.186.40.157,54754.0,IN,India,elite proxy,no,yes,21 minutes ago
262,190.166.249.44,55906.0,DO,Dominican Republic,elite proxy,no,no,21 minutes ago
263,91.192.4.163,8080.0,IQ,Iraq,elite proxy,no,no,21 minutes ago
264,175.139.179.65,39924.0,MY,Malaysia,elite proxy,no,no,21 minutes ago
265,117.102.9.13,3128.0,PK,Pakistan,elite proxy,no,no,21 minutes ago
266,36.89.180.29,30852.0,ID,Indonesia,elite proxy,no,no,21 minutes ago
267,178.168.19.139,30736.0,MD,"Moldova, Republic of",elite proxy,no,yes,21 minutes ago
268,213.6.199.94,44421.0,PS,Palestinian Territory,elite proxy,no,yes,21 minutes ago
269,202.29.237.210,3128.0,TH,Thailand,anonymous,no,no,21 minutes ago
270,80.237.20.20,40902.0,RU,Russian Federation,elite proxy,no,yes,21 minutes ago
271,200.54.194.13,53281.0,CL,Chile,elite proxy,no,no,21 minutes ago
272,95.67.47.94,53281.0,UA,Ukraine,elite proxy,no,no,21 minutes ago
273,101.109.255.48,53742.0,TH,Thailand,elite proxy,no,no,21 minutes ago
274,115.127.109.2,45067.0,BD,Bangladesh,elite proxy,no,yes,21 minutes ago
275,103.98.79.225,36598.0,IN,India,elite proxy,no,yes,21 minutes ago
276,186.46.3.238,46849.0,EC,Ecuador,elite proxy,no,yes,21 minutes ago
277,181.52.237.106,58484.0,CO,Colombia,elite proxy,no,no,21 minutes ago
278,94.244.28.246,31280.0,UA,Ukraine,elite proxy,no,yes,21 minutes ago
279,50.236.148.254,39970.0,US,United States,elite proxy,no,yes,21 minutes ago
280,177.37.161.4,41819.0,BR,Brazil,elite proxy,no,yes,21 minutes ago
281,84.53.238.49,23500.0,RU,Russian Federation,elite proxy,no,yes,21 minutes ago
282,179.27.83.222,54260.0,UY,Uruguay,elite proxy,no,no,21 minutes ago
283,89.218.170.58,35704.0,KZ,Kazakhstan,elite proxy,no,yes,21 minutes ago
284,92.249.122.108,61778.0,UA,Ukraine,elite proxy,no,yes,21 minutes ago
285,102.176.160.70,61279.0,GN,Guinea,elite proxy,no,yes,21 minutes ago
286,85.10.219.102,1080.0,DE,Germany,elite proxy,no,yes,21 minutes ago
287,123.200.31.226,53281.0,BD,Bangladesh,elite proxy,no,yes,21 minutes ago
288,118.175.226.30,32892.0,TH,Thailand,elite proxy,no,yes,21 minutes ago
289,185.200.37.45,8080.0,TR,Turkey,anonymous,no,yes,21 minutes ago
290,210.56.232.18,8080.0,AU,Australia,elite proxy,no,yes,21 minutes ago
291,110.74.209.202,51491.0,KH,Cambodia,elite proxy,no,yes,21 minutes ago
292,46.99.255.235,8080.0,AL,Albania,elite proxy,no,yes,21 minutes ago
293,82.151.114.197,56208.0,RU,Russian Federation,elite proxy,no,yes,21 minutes ago
294,177.125.20.35,40744.0,BR,Brazil,elite proxy,no,yes,21 minutes ago
295,36.67.8.27,53281.0,ID,Indonesia,elite proxy,no,no,21 minutes ago
296,124.41.243.72,44716.0,NP,Nepal,elite proxy,no,yes,21 minutes ago
297,94.21.118.140,61379.0,HU,Hungary,elite proxy,no,no,21 minutes ago
298,27.50.18.119,51327.0,ID,Indonesia,elite proxy,no,no,21 minutes ago
299,188.43.52.166,47362.0,RU,Russian Federation,elite proxy,no,yes,21 minutes ago
300,,,,,,,,
